sku,qty_on_hand,qty_wip,unit_cost,vendor_name,vendor_country
SKU-100000,54,1,33.84,Pacific Rim Supply,SG
SKU-100001,46,1,66.13,Pacific Rim Supply,SG
SKU-100002,121,12,164.64,Iberia Sportswear,ES
SKU-100003,193,32,92.79,Nordic Gear Co,NO
SKU-100004,166,29,80.14,AllSeasons Outdoor Clothing,US
SKU-100005,85,8,107.98,Outback Outfitters Ltd,GB
SKU-100006,99,12,129.65,Top Sports,DK
SKU-100007,109,12,216.6,Eclipse Inc,US
SKU-100008,50,2,197.25,Sunbelt Distributors,US
SKU-100009,84,5,103.89,AllSeasons Outdoor Clothing,US
SKU-100010,155,14,15.8,Royal Darts Ltd,GB
SKU-100011,52,3,147.4,Sunbelt Distributors,US
SKU-100012,153,18,257.71,A Team Sports,US
SKU-100013,24,1,229.95,Sunbelt Distributors,US
SKU-100014,66,10,71.0,Maple Leaf Outfitters,CA
SKU-100015,119,5,36.12,Eclipse Inc,US
SKU-100016,190,14,118.28,Sunbelt Distributors,US
SKU-100017,58,8,210.46,Nordic Gear Co,NO
SKU-100018,36,6,13.17,Teamsports Inc,US
SKU-100019,144,25,109.25,Outback Outfitters Ltd,GB
SKU-100020,51,1,237.08,Maple Leaf Outfitters,CA
SKU-100021,144,7,50.09,Outback Outfitters Ltd,GB
SKU-100022,43,2,66.74,Sunbelt Distributors,US
SKU-100023,89,12,222.02,Petterson AB,SE
SKU-100024,67,13,63.18,Eclipse Inc,US
SKU-100025,117,17,51.27,Royal Darts Ltd,GB
SKU-100026,119,9,122.13,AllSeasons Outdoor Clothing,US
SKU-100027,141,1,272.95,Teamsports Inc,US
SKU-100028,69,14,167.3,Pacific Rim Supply,SG
SKU-100029,76,3,112.63,Petterson AB,SE
SKU-100030,124,15,82.52,Maple Leaf Outfitters,CA
SKU-100031,86,6,244.9,Nordic Gear Co,NO
SKU-100032,241,2,194.92,Maple Leaf Outfitters,CA
SKU-100033,54,1,64.5,Iberia Sportswear,ES
SKU-100034,85,3,83.68,Outback Outfitters Ltd,GB
SKU-100035,222,11,261.54,Eclipse Inc,US
SKU-100036,86,14,265.57,Sunbelt Distributors,US
SKU-100037,224,44,200.6,Iberia Sportswear,ES
SKU-100038,130,1,53.4,Nordic Gear Co,NO
SKU-100039,111,2,136.78,Top Sports,DK
SKU-100040,80,13,164.59,AllSeasons Outdoor Clothing,US
SKU-100041,180,11,172.82,Iberia Sportswear,ES
SKU-100042,170,18,133.63,Iberia Sportswear,ES
SKU-100043,161,7,24.89,Alpine Equipment GmbH,DE
SKU-100044,89,17,257.74,Iberia Sportswear,ES
SKU-100045,88,10,126.75,AllSeasons Outdoor Clothing,US
SKU-100046,78,2,161.64,AllSeasons Outdoor Clothing,US
SKU-100047,65,13,245.25,Pacific Rim Supply,SG
SKU-100048,125,8,205.63,Iberia Sportswear,ES
SKU-100049,28,3,151.37,Petterson AB,SE
SKU-100050,158,13,43.42,Alpine Equipment GmbH,DE
SKU-100051,84,0,185.62,A Team Sports,US
SKU-100052,84,12,250.86,Petterson AB,SE
SKU-100053,91,17,78.71,Pacific Rim Supply,SG
SKU-100054,65,2,192.83,Outback Outfitters Ltd,GB
SKU-100055,161,18,159.19,Iberia Sportswear,ES
SKU-100056,101,2,270.81,HighPoint Trading,US
SKU-100057,56,2,158.08,Eclipse Inc,US
SKU-100058,118,10,42.16,Alpine Equipment GmbH,DE
SKU-100059,163,7,153.15,Eclipse Inc,US
SKU-100060,59,3,277.92,Royal Darts Ltd,GB
SKU-100061,57,10,250.68,Eclipse Inc,US
SKU-100062,110,3,205.42,Petterson AB,SE
SKU-100063,132,10,181.99,Top Sports,DK
SKU-100064,65,9,234.16,Sunbelt Distributors,US
SKU-100065,78,0,250.71,Petterson AB,SE
SKU-100066,176,28,279.39,A Team Sports,US
SKU-100067,138,8,224.83,Iberia Sportswear,ES
SKU-100068,57,5,20.08,Royal Darts Ltd,GB
SKU-100069,197,31,248.05,Pacific Rim Supply,SG
SKU-100070,110,3,166.86,Iberia Sportswear,ES
SKU-100071,192,30,51.25,Eclipse Inc,US
SKU-100072,62,11,124.39,HighPoint Trading,US
SKU-100073,122,9,16.75,Petterson AB,SE
SKU-100074,90,5,193.32,Teamsports Inc,US
SKU-100075,291,33,165.86,Nordic Gear Co,NO
SKU-100076,101,8,256.02,AllSeasons Outdoor Clothing,US
SKU-100077,122,10,240.42,AllSeasons Outdoor Clothing,US
SKU-100078,87,1,183.46,Iberia Sportswear,ES
SKU-100079,76,4,88.06,Maple Leaf Outfitters,CA
SKU-100080,45,7,121.84,HighPoint Trading,US
SKU-100081,68,1,13.35,Sunbelt Distributors,US
SKU-100082,61,6,6.53,Royal Darts Ltd,GB
SKU-100083,49,9,223.74,Iberia Sportswear,ES
SKU-100084,64,6,250.1,Teamsports Inc,US
SKU-100085,189,4,174.67,Sunbelt Distributors,US
SKU-100086,237,8,259.05,A Team Sports,US
SKU-100087,144,22,136.06,Teamsports Inc,US
SKU-100088,175,16,209.0,Royal Darts Ltd,GB
SKU-100089,118,2,21.88,Teamsports Inc,US
SKU-100090,89,4,150.7,Teamsports Inc,US
SKU-100091,100,9,214.98,Top Sports,DK
SKU-100092,53,1,130.77,Teamsports Inc,US
SKU-100093,233,40,206.19,Top Sports,DK
SKU-100094,98,7,105.33,Top Sports,DK
SKU-100095,105,12,94.47,Sunbelt Distributors,US
SKU-100096,142,12,33.07,Outback Outfitters Ltd,GB
SKU-100097,96,7,208.99,Alpine Equipment GmbH,DE
SKU-100098,90,8,4.47,Pacific Rim Supply,SG
SKU-100099,121,20,204.14,Top Sports,DK
SKU-100100,150,2,71.77,Top Sports,DK
SKU-100101,166,1,38.52,Nordic Gear Co,NO
SKU-100102,134,23,226.17,A Team Sports,US
SKU-100103,103,8,180.44,Outback Outfitters Ltd,GB
SKU-100104,87,0,81.72,Alpine Equipment GmbH,DE
SKU-100105,94,17,168.37,Top Sports,DK
SKU-100106,206,33,89.31,HighPoint Trading,US
SKU-100107,58,7,68.36,Petterson AB,SE
SKU-100108,120,22,99.3,Teamsports Inc,US
SKU-100109,37,5,175.84,Teamsports Inc,US
SKU-100110,66,13,52.97,Sunbelt Distributors,US
SKU-100111,122,6,46.24,Eclipse Inc,US
SKU-100112,102,10,205.65,Pacific Rim Supply,SG
SKU-100113,73,2,125.01,Outback Outfitters Ltd,GB
SKU-100114,148,7,242.41,Eclipse Inc,US
SKU-100115,123,10,244.74,Nordic Gear Co,NO
SKU-100116,95,4,214.2,Royal Darts Ltd,GB
SKU-100117,88,2,151.52,Nordic Gear Co,NO
SKU-100118,186,5,194.61,Eclipse Inc,US
SKU-100119,61,3,125.4,HighPoint Trading,US
SKU-100120,76,10,195.74,AllSeasons Outdoor Clothing,US
SKU-100121,52,4,155.35,Teamsports Inc,US
SKU-100122,133,1,242.49,Petterson AB,SE
SKU-100123,89,14,31.56,Royal Darts Ltd,GB
SKU-100124,163,32,229.43,Eclipse Inc,US
SKU-100125,58,6,166.58,HighPoint Trading,US
SKU-100126,108,12,163.09,Nordic Gear Co,NO
SKU-100127,94,12,6.21,Outback Outfitters Ltd,GB
SKU-100128,248,4,27.5,Nordic Gear Co,NO
SKU-100129,136,5,255.11,Outback Outfitters Ltd,GB
SKU-100130,71,9,269.41,Eclipse Inc,US
SKU-100131,144,23,170.5,Maple Leaf Outfitters,CA
SKU-100132,54,10,126.51,Sunbelt Distributors,US
SKU-100133,175,15,32.57,Iberia Sportswear,ES
SKU-100134,79,13,222.85,Maple Leaf Outfitters,CA
SKU-100135,174,4,81.59,Iberia Sportswear,ES
SKU-100136,62,11,226.03,Nordic Gear Co,NO
SKU-100137,62,10,213.61,Outback Outfitters Ltd,GB
SKU-100138,88,8,39.76,AllSeasons Outdoor Clothing,US
SKU-100139,112,8,198.25,Teamsports Inc,US
SKU-100140,122,7,140.48,Outback Outfitters Ltd,GB
SKU-100141,107,3,199.15,Maple Leaf Outfitters,CA
SKU-100142,111,10,155.62,Pacific Rim Supply,SG
SKU-100143,83,5,117.73,Iberia Sportswear,ES
SKU-100144,125,14,278.43,A Team Sports,US
SKU-100145,125,23,40.93,Royal Darts Ltd,GB
SKU-100146,94,2,24.53,Petterson AB,SE
SKU-100147,88,2,134.5,Alpine Equipment GmbH,DE
SKU-100148,86,17,113.97,HighPoint Trading,US
SKU-100149,123,7,186.12,Petterson AB,SE
SKU-100150,71,5,91.77,Top Sports,DK
SKU-100151,64,12,85.97,Nordic Gear Co,NO
SKU-100152,188,16,262.59,Top Sports,DK
SKU-100153,98,6,219.68,A Team Sports,US
SKU-100154,287,54,120.39,Teamsports Inc,US
SKU-100155,157,29,25.19,Maple Leaf Outfitters,CA
SKU-100156,83,16,58.03,Top Sports,DK
SKU-100157,71,3,52.96,HighPoint Trading,US
SKU-100158,81,2,39.54,A Team Sports,US
SKU-100159,95,14,99.84,Petterson AB,SE
SKU-100160,55,1,16.48,Maple Leaf Outfitters,CA
SKU-100161,208,27,182.39,AllSeasons Outdoor Clothing,US
SKU-100162,78,9,244.36,Iberia Sportswear,ES
SKU-100163,117,0,252.97,Outback Outfitters Ltd,GB
SKU-100164,90,6,98.25,A Team Sports,US
SKU-100165,274,42,158.67,Petterson AB,SE
SKU-100166,76,6,227.13,Maple Leaf Outfitters,CA
SKU-100167,82,14,244.97,Teamsports Inc,US
SKU-100168,57,1,176.68,Top Sports,DK
SKU-100169,254,48,164.85,Top Sports,DK
SKU-100170,115,21,244.11,Petterson AB,SE
SKU-100171,196,11,8.17,Iberia Sportswear,ES
SKU-100172,160,12,211.34,AllSeasons Outdoor Clothing,US
SKU-100173,120,20,191.36,Maple Leaf Outfitters,CA
SKU-100174,69,9,182.8,Iberia Sportswear,ES
SKU-100175,79,12,189.19,Nordic Gear Co,NO
SKU-100176,47,2,273.93,AllSeasons Outdoor Clothing,US
SKU-100177,155,24,114.27,HighPoint Trading,US
SKU-100178,50,8,146.4,Royal Darts Ltd,GB
SKU-100179,72,11,34.91,Teamsports Inc,US
SKU-100180,194,11,258.12,AllSeasons Outdoor Clothing,US
SKU-100181,38,3,106.63,Maple Leaf Outfitters,CA
SKU-100182,112,21,216.31,Royal Darts Ltd,GB
SKU-100183,180,6,93.32,Top Sports,DK
SKU-100184,119,21,208.85,A Team Sports,US
SKU-100185,84,5,112.01,Petterson AB,SE
SKU-100186,149,5,80.32,Maple Leaf Outfitters,CA
SKU-100187,70,5,49.5,Pacific Rim Supply,SG
SKU-100188,81,0,193.47,Iberia Sportswear,ES
SKU-100189,101,15,254.14,Royal Darts Ltd,GB
SKU-100190,161,3,267.19,Maple Leaf Outfitters,CA
SKU-100191,187,35,138.35,Alpine Equipment GmbH,DE
SKU-100192,140,6,161.61,Pacific Rim Supply,SG
SKU-100193,44,5,30.92,Sunbelt Distributors,US
SKU-100194,162,10,185.88,HighPoint Trading,US
SKU-100195,56,10,196.87,Pacific Rim Supply,SG
SKU-100196,54,9,162.81,HighPoint Trading,US
SKU-100197,163,25,261.84,Alpine Equipment GmbH,DE
SKU-100198,68,6,190.89,Petterson AB,SE
SKU-100199,85,17,195.16,Top Sports,DK
SKU-100200,102,1,50.53,Teamsports Inc,US
SKU-100201,97,16,196.01,Pacific Rim Supply,SG
SKU-100202,167,18,110.91,Sunbelt Distributors,US
SKU-100203,179,0,26.43,Royal Darts Ltd,GB
SKU-100204,124,3,256.19,Eclipse Inc,US
SKU-100205,125,3,77.65,Sunbelt Distributors,US
SKU-100206,117,6,123.31,Royal Darts Ltd,GB
SKU-100207,119,4,264.21,Top Sports,DK
SKU-100208,68,1,203.92,Top Sports,DK
SKU-100209,133,13,167.02,AllSeasons Outdoor Clothing,US
SKU-100210,191,4,151.86,Royal Darts Ltd,GB
SKU-100211,27,2,41.03,Teamsports Inc,US
SKU-100212,133,24,184.54,Eclipse Inc,US
SKU-100213,39,6,273.45,Sunbelt Distributors,US
SKU-100214,77,15,229.87,Sunbelt Distributors,US
SKU-100215,86,16,51.08,Sunbelt Distributors,US
SKU-100216,117,1,212.56,Royal Darts Ltd,GB
SKU-100217,154,19,202.04,Sunbelt Distributors,US
SKU-100218,62,0,183.13,A Team Sports,US
SKU-100219,49,6,122.97,Sunbelt Distributors,US
SKU-100220,111,4,99.75,AllSeasons Outdoor Clothing,US
SKU-100221,76,15,62.87,HighPoint Trading,US
SKU-100222,78,5,30.62,Teamsports Inc,US
SKU-100223,67,6,173.71,AllSeasons Outdoor Clothing,US
SKU-100224,203,11,219.07,Alpine Equipment GmbH,DE
SKU-100225,65,7,147.52,Outback Outfitters Ltd,GB
SKU-100226,101,13,171.22,Petterson AB,SE
SKU-100227,154,6,182.02,Iberia Sportswear,ES
SKU-100228,81,1,36.63,Iberia Sportswear,ES
SKU-100229,62,4,92.17,Top Sports,DK
SKU-100230,22,2,130.68,Outback Outfitters Ltd,GB
SKU-100231,50,8,206.3,AllSeasons Outdoor Clothing,US
SKU-100232,95,9,217.75,Outback Outfitters Ltd,GB
SKU-100233,174,15,76.49,Outback Outfitters Ltd,GB
SKU-100234,95,14,158.33,Sunbelt Distributors,US
SKU-100235,52,10,119.48,A Team Sports,US
SKU-100236,132,25,180.19,Pacific Rim Supply,SG
SKU-100237,56,5,111.36,Top Sports,DK
SKU-100238,150,8,52.96,Pacific Rim Supply,SG
SKU-100239,82,3,58.33,Teamsports Inc,US
SKU-100240,93,7,9.24,Eclipse Inc,US
SKU-100241,150,8,172.64,Alpine Equipment GmbH,DE
SKU-100242,130,1,15.68,Nordic Gear Co,NO
SKU-100243,106,3,208.51,Top Sports,DK
SKU-100244,191,36,260.21,Alpine Equipment GmbH,DE
SKU-100245,69,4,236.88,Pacific Rim Supply,SG
SKU-100246,55,7,22.78,HighPoint Trading,US
SKU-100247,91,15,133.84,Nordic Gear Co,NO
SKU-100248,66,10,52.84,Iberia Sportswear,ES
SKU-100249,122,9,251.08,Outback Outfitters Ltd,GB
SKU-100250,79,1,155.95,AllSeasons Outdoor Clothing,US
SKU-100251,131,17,261.27,Petterson AB,SE
SKU-100252,67,13,168.6,HighPoint Trading,US
SKU-100253,149,18,49.13,Iberia Sportswear,ES
SKU-100254,110,19,228.2,Petterson AB,SE
SKU-100255,67,5,65.06,A Team Sports,US
SKU-100256,42,0,258.18,Petterson AB,SE
SKU-100257,46,9,5.72,A Team Sports,US
SKU-100258,141,0,207.22,Sunbelt Distributors,US
SKU-100259,109,16,10.01,Outback Outfitters Ltd,GB
SKU-100260,111,19,172.78,Royal Darts Ltd,GB
SKU-100261,88,12,78.83,Top Sports,DK
SKU-100262,96,18,147.88,Pacific Rim Supply,SG
SKU-100263,59,5,132.32,Outback Outfitters Ltd,GB
SKU-100264,58,2,185.43,Royal Darts Ltd,GB
SKU-100265,229,6,172.13,Royal Darts Ltd,GB
SKU-100266,276,6,219.34,Eclipse Inc,US
SKU-100267,90,17,204.32,Outback Outfitters Ltd,GB
SKU-100268,98,10,262.13,Sunbelt Distributors,US
SKU-100269,118,5,271.06,Nordic Gear Co,NO
SKU-100270,152,16,193.26,Iberia Sportswear,ES
SKU-100271,109,4,238.54,AllSeasons Outdoor Clothing,US
SKU-100272,193,2,19.56,Alpine Equipment GmbH,DE
SKU-100273,115,10,264.71,Top Sports,DK
SKU-100274,107,14,36.13,Sunbelt Distributors,US
SKU-100275,137,15,66.04,AllSeasons Outdoor Clothing,US
SKU-100276,151,5,138.06,Outback Outfitters Ltd,GB
SKU-100277,62,7,204.3,Eclipse Inc,US
SKU-100278,75,6,106.88,Nordic Gear Co,NO
SKU-100279,152,24,41.85,Royal Darts Ltd,GB
SKU-100280,52,0,230.2,Alpine Equipment GmbH,DE
SKU-100281,54,9,264.6,Iberia Sportswear,ES
SKU-100282,107,20,26.39,Alpine Equipment GmbH,DE
SKU-100283,124,18,42.98,Maple Leaf Outfitters,CA
SKU-100284,171,18,185.65,Alpine Equipment GmbH,DE
SKU-100285,72,12,244.54,Sunbelt Distributors,US
SKU-100286,71,9,106.73,Outback Outfitters Ltd,GB
SKU-100287,43,6,65.69,Petterson AB,SE
SKU-100288,174,34,103.43,Maple Leaf Outfitters,CA
SKU-100289,83,11,170.25,Iberia Sportswear,ES
SKU-100290,132,22,240.29,A Team Sports,US
SKU-100291,251,31,237.07,Petterson AB,SE
SKU-100292,117,20,91.68,AllSeasons Outdoor Clothing,US
SKU-100293,101,8,168.57,Alpine Equipment GmbH,DE
SKU-100294,52,7,41.37,A Team Sports,US
SKU-100295,172,21,216.84,Iberia Sportswear,ES
SKU-100296,110,12,186.79,Petterson AB,SE
SKU-100297,125,1,143.82,Alpine Equipment GmbH,DE
SKU-100298,98,16,118.2,Royal Darts Ltd,GB
SKU-100299,72,11,195.13,Sunbelt Distributors,US
SKU-100300,47,2,261.39,Alpine Equipment GmbH,DE
SKU-100301,237,6,116.67,A Team Sports,US
SKU-100302,108,8,146.35,Iberia Sportswear,ES
SKU-100303,106,19,51.54,Alpine Equipment GmbH,DE
SKU-100304,230,15,278.03,Petterson AB,SE
SKU-100305,88,17,77.87,Pacific Rim Supply,SG
SKU-100306,95,2,198.05,Royal Darts Ltd,GB
SKU-100307,51,9,72.51,HighPoint Trading,US
SKU-100308,136,12,237.48,Sunbelt Distributors,US
SKU-100309,91,9,42.19,Top Sports,DK
SKU-100310,47,1,138.34,AllSeasons Outdoor Clothing,US
SKU-100311,151,6,107.15,Sunbelt Distributors,US
SKU-100312,37,1,18.47,Teamsports Inc,US
SKU-100313,57,5,144.34,Royal Darts Ltd,GB
SKU-100314,218,39,160.95,Sunbelt Distributors,US
SKU-100315,116,2,62.64,Eclipse Inc,US
SKU-100316,169,7,268.76,Petterson AB,SE
SKU-100317,79,10,26.95,HighPoint Trading,US
SKU-100318,239,11,162.83,AllSeasons Outdoor Clothing,US
SKU-100319,40,0,14.6,Nordic Gear Co,NO
SKU-100320,130,14,53.2,Teamsports Inc,US
SKU-100321,184,4,8.69,HighPoint Trading,US
SKU-100322,73,3,227.77,Iberia Sportswear,ES
SKU-100323,77,4,181.95,HighPoint Trading,US
SKU-100324,132,6,167.66,Top Sports,DK
SKU-100325,227,0,72.95,Petterson AB,SE
SKU-100326,172,8,170.21,Nordic Gear Co,NO
SKU-100327,132,14,78.27,Sunbelt Distributors,US
SKU-100328,113,12,46.79,A Team Sports,US
SKU-100329,59,9,229.39,Top Sports,DK
SKU-100330,207,31,101.04,Teamsports Inc,US
SKU-100331,65,12,180.29,Iberia Sportswear,ES
SKU-100332,158,21,21.64,Teamsports Inc,US
SKU-100333,245,31,162.84,Top Sports,DK
SKU-100334,139,23,21.37,Pacific Rim Supply,SG
SKU-100335,46,1,187.5,Eclipse Inc,US
SKU-100336,50,1,93.47,Pacific Rim Supply,SG
SKU-100337,131,23,268.38,Eclipse Inc,US
SKU-100338,94,6,154.55,Nordic Gear Co,NO
SKU-100339,147,16,186.74,Nordic Gear Co,NO
SKU-100340,81,13,34.4,Outback Outfitters Ltd,GB
SKU-100341,198,31,65.81,Alpine Equipment GmbH,DE
SKU-100342,92,18,228.95,Top Sports,DK
SKU-100343,102,1,257.52,Top Sports,DK
SKU-100344,81,7,231.53,AllSeasons Outdoor Clothing,US
SKU-100345,133,12,93.06,Eclipse Inc,US
SKU-100346,83,16,7.75,Outback Outfitters Ltd,GB
SKU-100347,176,34,225.87,Alpine Equipment GmbH,DE
SKU-100348,72,11,97.41,Petterson AB,SE
SKU-100349,59,9,127.5,Pacific Rim Supply,SG
SKU-100350,69,3,172.23,Outback Outfitters Ltd,GB
SKU-100351,59,8,138.87,HighPoint Trading,US
SKU-100352,131,2,256.25,Sunbelt Distributors,US
SKU-100353,83,3,14.6,Alpine Equipment GmbH,DE
SKU-100354,171,22,113.82,Alpine Equipment GmbH,DE
SKU-100355,183,34,83.5,Maple Leaf Outfitters,CA
SKU-100356,64,6,273.24,Nordic Gear Co,NO
SKU-100357,100,0,274.18,Maple Leaf Outfitters,CA
SKU-100358,59,3,14.87,Alpine Equipment GmbH,DE
SKU-100359,282,16,252.97,Pacific Rim Supply,SG
SKU-100360,187,14,175.79,Nordic Gear Co,NO
SKU-100361,79,7,9.36,Alpine Equipment GmbH,DE
SKU-100362,83,1,220.06,Petterson AB,SE
SKU-100363,138,23,25.5,Petterson AB,SE
SKU-100364,110,1,139.31,Maple Leaf Outfitters,CA
SKU-100365,66,12,273.47,Nordic Gear Co,NO
SKU-100366,163,22,161.59,Outback Outfitters Ltd,GB
SKU-100367,85,12,177.28,AllSeasons Outdoor Clothing,US
SKU-100368,168,10,201.54,Nordic Gear Co,NO
SKU-100369,123,14,202.04,A Team Sports,US
SKU-100370,242,40,192.34,Outback Outfitters Ltd,GB
SKU-100371,220,13,92.85,Teamsports Inc,US
SKU-100372,158,20,268.86,Royal Darts Ltd,GB
SKU-100373,295,16,198.59,A Team Sports,US
SKU-100374,44,3,178.34,Pacific Rim Supply,SG
SKU-100375,168,17,175.87,Top Sports,DK
SKU-100376,99,14,20.54,Outback Outfitters Ltd,GB
SKU-100377,44,8,111.88,Sunbelt Distributors,US
SKU-100378,115,22,247.69,Royal Darts Ltd,GB
SKU-100379,220,29,49.39,Nordic Gear Co,NO
SKU-100380,254,47,203.27,Outback Outfitters Ltd,GB
SKU-100381,62,9,227.5,Petterson AB,SE
SKU-100382,85,15,66.21,HighPoint Trading,US
SKU-100383,89,13,220.06,Sunbelt Distributors,US
SKU-100384,114,10,53.34,HighPoint Trading,US
SKU-100385,65,10,13.35,Top Sports,DK
SKU-100386,114,17,137.35,Royal Darts Ltd,GB
SKU-100387,201,31,211.01,Alpine Equipment GmbH,DE
SKU-100388,95,8,52.81,Maple Leaf Outfitters,CA
SKU-100389,158,21,32.64,Eclipse Inc,US
SKU-100390,84,9,275.85,Outback Outfitters Ltd,GB
SKU-100391,41,2,29.97,Nordic Gear Co,NO
SKU-100392,169,13,112.64,Nordic Gear Co,NO
SKU-100393,115,19,5.13,A Team Sports,US
SKU-100394,50,7,219.97,HighPoint Trading,US
SKU-100395,207,20,33.01,Royal Darts Ltd,GB
SKU-100396,172,30,37.18,Outback Outfitters Ltd,GB
SKU-100397,256,18,152.27,Teamsports Inc,US
SKU-100398,114,5,267.68,Pacific Rim Supply,SG
SKU-100399,168,33,73.3,Outback Outfitters Ltd,GB
SKU-100400,120,16,34.75,HighPoint Trading,US
SKU-100401,59,9,3.97,Outback Outfitters Ltd,GB
SKU-100402,78,12,160.19,Alpine Equipment GmbH,DE
SKU-100403,225,16,161.34,Iberia Sportswear,ES
SKU-100404,101,17,234.3,Maple Leaf Outfitters,CA
SKU-100405,83,1,153.2,Iberia Sportswear,ES
SKU-100406,105,12,93.64,Alpine Equipment GmbH,DE
SKU-100407,141,2,231.21,Iberia Sportswear,ES
SKU-100408,99,10,152.81,Royal Darts Ltd,GB
SKU-100409,165,23,269.47,Maple Leaf Outfitters,CA
SKU-100410,37,7,194.14,AllSeasons Outdoor Clothing,US
SKU-100411,188,26,218.59,Royal Darts Ltd,GB
SKU-100412,74,6,207.21,Royal Darts Ltd,GB
SKU-100413,103,7,52.63,Iberia Sportswear,ES
SKU-100414,149,3,210.65,Nordic Gear Co,NO
SKU-100415,159,29,80.21,Top Sports,DK
SKU-100416,134,10,222.67,Alpine Equipment GmbH,DE
SKU-100417,143,27,271.37,Eclipse Inc,US
SKU-100418,124,4,98.16,Alpine Equipment GmbH,DE
SKU-100419,123,12,24.48,AllSeasons Outdoor Clothing,US
SKU-100420,246,15,161.63,Royal Darts Ltd,GB
SKU-100421,85,15,185.21,AllSeasons Outdoor Clothing,US
SKU-100422,102,8,64.65,Outback Outfitters Ltd,GB
SKU-100423,38,1,195.27,Pacific Rim Supply,SG
SKU-100424,203,4,121.23,HighPoint Trading,US
SKU-100425,267,8,274.37,AllSeasons Outdoor Clothing,US
SKU-100426,131,25,68.46,Maple Leaf Outfitters,CA
SKU-100427,120,19,275.78,Nordic Gear Co,NO
SKU-100428,109,12,195.64,Eclipse Inc,US
SKU-100429,102,9,153.9,Top Sports,DK
SKU-100430,191,23,60.16,Pacific Rim Supply,SG
SKU-100431,112,3,50.46,Teamsports Inc,US
SKU-100432,185,5,44.1,Petterson AB,SE
SKU-100433,52,3,208.22,Pacific Rim Supply,SG
SKU-100434,65,8,234.22,Sunbelt Distributors,US
SKU-100435,46,8,51.08,Royal Darts Ltd,GB
SKU-100436,70,8,91.95,A Team Sports,US
SKU-100437,116,21,68.29,Royal Darts Ltd,GB
SKU-100438,192,28,246.5,Nordic Gear Co,NO
SKU-100439,83,9,140.95,Iberia Sportswear,ES
SKU-100440,33,4,155.69,Pacific Rim Supply,SG
SKU-100441,191,20,160.89,Outback Outfitters Ltd,GB
SKU-100442,149,8,231.63,Outback Outfitters Ltd,GB
SKU-100443,97,9,19.52,Royal Darts Ltd,GB
SKU-100444,58,9,143.74,Maple Leaf Outfitters,CA
SKU-100445,143,20,206.44,Outback Outfitters Ltd,GB
SKU-100446,103,7,167.9,Sunbelt Distributors,US
SKU-100447,28,2,156.15,Top Sports,DK
SKU-100448,82,13,271.2,Iberia Sportswear,ES
SKU-100449,53,4,107.66,Royal Darts Ltd,GB
SKU-100450,128,24,18.61,Nordic Gear Co,NO
SKU-100451,66,3,128.79,A Team Sports,US
SKU-100452,63,10,223.05,Eclipse Inc,US
SKU-100453,183,25,97.58,Iberia Sportswear,ES
SKU-100454,42,6,33.79,Alpine Equipment GmbH,DE
SKU-100455,108,6,71.08,Nordic Gear Co,NO
SKU-100456,108,12,25.11,Nordic Gear Co,NO
SKU-100457,242,21,153.84,Eclipse Inc,US
SKU-100458,237,15,250.44,Royal Darts Ltd,GB
SKU-100459,29,3,176.59,Nordic Gear Co,NO
SKU-100460,119,5,183.58,A Team Sports,US
SKU-100461,104,17,159.51,Petterson AB,SE
SKU-100462,90,12,16.92,AllSeasons Outdoor Clothing,US
SKU-100463,39,6,184.46,Petterson AB,SE
SKU-100464,48,6,236.39,Sunbelt Distributors,US
SKU-100465,62,12,274.64,Iberia Sportswear,ES
SKU-100466,91,3,162.02,AllSeasons Outdoor Clothing,US
SKU-100467,252,29,41.47,AllSeasons Outdoor Clothing,US
SKU-100468,118,0,42.2,Teamsports Inc,US
SKU-100469,42,3,150.05,Royal Darts Ltd,GB
SKU-100470,79,14,42.7,Teamsports Inc,US
SKU-100471,127,4,176.38,Sunbelt Distributors,US
SKU-100472,46,9,19.64,Nordic Gear Co,NO
SKU-100473,71,3,131.42,Outback Outfitters Ltd,GB
SKU-100474,30,6,142.95,Maple Leaf Outfitters,CA
SKU-100475,60,1,230.55,A Team Sports,US
SKU-100476,86,3,246.29,A Team Sports,US
SKU-100477,39,6,210.35,Alpine Equipment GmbH,DE
SKU-100478,255,21,214.53,Eclipse Inc,US
SKU-100479,160,26,45.87,Top Sports,DK
SKU-100480,72,2,198.47,Eclipse Inc,US
SKU-100481,97,13,147.96,Iberia Sportswear,ES
SKU-100482,67,9,210.63,HighPoint Trading,US
SKU-100483,118,1,76.72,Iberia Sportswear,ES
SKU-100484,192,4,99.89,Iberia Sportswear,ES
SKU-100485,194,1,210.25,HighPoint Trading,US
SKU-100486,66,8,223.55,Eclipse Inc,US
SKU-100487,69,13,136.27,Petterson AB,SE
SKU-100488,30,1,90.37,Top Sports,DK
SKU-100489,129,5,122.5,Royal Darts Ltd,GB
SKU-100490,124,14,91.33,Maple Leaf Outfitters,CA
SKU-100491,50,8,269.72,Royal Darts Ltd,GB
SKU-100492,71,6,93.18,Nordic Gear Co,NO
SKU-100493,61,6,121.71,Iberia Sportswear,ES
SKU-100494,74,9,198.59,Alpine Equipment GmbH,DE
SKU-100495,80,9,132.46,Maple Leaf Outfitters,CA
SKU-100496,128,23,61.44,Pacific Rim Supply,SG
SKU-100497,83,11,41.24,Nordic Gear Co,NO
SKU-100498,87,10,120.14,Teamsports Inc,US
SKU-100499,43,1,195.17,Maple Leaf Outfitters,CA
SKU-100500,90,10,242.93,Iberia Sportswear,ES
SKU-100501,108,19,225.84,Sunbelt Distributors,US
SKU-100502,100,18,211.92,Iberia Sportswear,ES
SKU-100503,138,25,38.83,Petterson AB,SE
SKU-100504,28,1,106.09,Outback Outfitters Ltd,GB
SKU-100505,86,10,45.19,Eclipse Inc,US
SKU-100506,79,10,134.26,Petterson AB,SE
SKU-100507,75,3,175.3,Maple Leaf Outfitters,CA
SKU-100508,48,2,167.29,Teamsports Inc,US
SKU-100509,105,16,9.69,Teamsports Inc,US
SKU-100510,116,4,270.29,Alpine Equipment GmbH,DE
SKU-100511,164,2,199.99,Eclipse Inc,US
SKU-100512,59,3,260.09,Eclipse Inc,US
SKU-100513,136,8,270.86,Maple Leaf Outfitters,CA
SKU-100514,39,0,119.34,Sunbelt Distributors,US
SKU-100515,60,9,195.35,Eclipse Inc,US
SKU-100516,83,14,10.07,Outback Outfitters Ltd,GB
SKU-100517,104,4,66.14,AllSeasons Outdoor Clothing,US
SKU-100518,87,7,117.72,Petterson AB,SE
SKU-100519,240,38,55.88,HighPoint Trading,US
SKU-100520,140,3,39.51,Outback Outfitters Ltd,GB
SKU-100521,108,10,270.36,Iberia Sportswear,ES
SKU-100522,46,3,118.56,Outback Outfitters Ltd,GB
SKU-100523,117,10,4.37,Top Sports,DK
SKU-100524,169,11,230.49,Iberia Sportswear,ES
SKU-100525,106,18,273.06,Nordic Gear Co,NO
SKU-100526,208,7,102.88,Pacific Rim Supply,SG
SKU-100527,35,3,265.0,Teamsports Inc,US
SKU-100528,100,17,276.56,Teamsports Inc,US
SKU-100529,47,5,13.15,Nordic Gear Co,NO
SKU-100530,30,1,91.17,Sunbelt Distributors,US
SKU-100531,184,23,247.45,Maple Leaf Outfitters,CA
SKU-100532,109,4,94.81,Petterson AB,SE
SKU-100533,221,39,115.04,Petterson AB,SE
SKU-100534,89,1,169.14,Petterson AB,SE
SKU-100535,111,18,112.54,Maple Leaf Outfitters,CA
SKU-100536,60,6,192.29,Iberia Sportswear,ES
SKU-100537,28,0,151.45,Alpine Equipment GmbH,DE
SKU-100538,117,16,245.18,HighPoint Trading,US
SKU-100539,67,1,213.01,Petterson AB,SE
SKU-100540,159,27,102.86,Pacific Rim Supply,SG
SKU-100541,161,24,214.04,Outback Outfitters Ltd,GB
SKU-100542,111,9,101.19,Petterson AB,SE
SKU-100543,92,17,110.64,Outback Outfitters Ltd,GB
SKU-100544,71,3,205.59,Top Sports,DK
SKU-100545,94,1,239.34,HighPoint Trading,US
SKU-100546,71,12,229.29,Maple Leaf Outfitters,CA
SKU-100547,122,1,24.09,Royal Darts Ltd,GB
SKU-100548,87,15,257.01,Pacific Rim Supply,SG
SKU-100549,68,6,213.44,Sunbelt Distributors,US
SKU-100550,205,0,48.63,Outback Outfitters Ltd,GB
SKU-100551,104,10,259.6,Teamsports Inc,US
SKU-100552,70,1,45.44,Iberia Sportswear,ES
SKU-100553,121,7,72.4,Iberia Sportswear,ES
SKU-100554,164,20,170.61,Outback Outfitters Ltd,GB
SKU-100555,77,1,70.45,Pacific Rim Supply,SG
SKU-100556,101,6,235.09,Top Sports,DK
SKU-100557,93,7,71.16,Eclipse Inc,US
SKU-100558,115,13,185.57,A Team Sports,US
SKU-100559,63,2,80.19,Outback Outfitters Ltd,GB
SKU-100560,210,31,155.38,A Team Sports,US
SKU-100561,80,2,242.02,Maple Leaf Outfitters,CA
SKU-100562,140,20,9.66,Outback Outfitters Ltd,GB
SKU-100563,115,6,62.16,Pacific Rim Supply,SG
SKU-100564,99,10,231.97,A Team Sports,US
SKU-100565,79,2,243.71,Nordic Gear Co,NO
SKU-100566,57,6,257.8,A Team Sports,US
SKU-100567,61,7,113.46,Sunbelt Distributors,US
SKU-100568,167,14,29.64,Alpine Equipment GmbH,DE
SKU-100569,103,3,229.39,Outback Outfitters Ltd,GB
SKU-100570,32,6,200.44,Nordic Gear Co,NO
SKU-100571,66,11,275.86,Outback Outfitters Ltd,GB
SKU-100572,171,17,115.33,Petterson AB,SE
SKU-100573,69,7,131.47,Royal Darts Ltd,GB
SKU-100574,104,1,148.59,Top Sports,DK
SKU-100575,117,5,49.58,HighPoint Trading,US
SKU-100576,110,18,108.49,Top Sports,DK
SKU-100577,254,44,244.34,AllSeasons Outdoor Clothing,US
SKU-100578,42,8,13.65,Eclipse Inc,US
SKU-100579,162,11,140.37,Eclipse Inc,US
SKU-100580,47,2,74.28,HighPoint Trading,US
SKU-100581,132,2,149.97,Teamsports Inc,US
SKU-100582,81,7,137.02,Nordic Gear Co,NO
SKU-100583,49,1,208.11,Nordic Gear Co,NO
SKU-100584,44,0,70.47,Iberia Sportswear,ES
SKU-100585,37,5,54.02,A Team Sports,US
SKU-100586,73,6,212.2,Alpine Equipment GmbH,DE
SKU-100587,41,4,85.6,Pacific Rim Supply,SG
SKU-100588,52,9,18.97,Iberia Sportswear,ES
SKU-100589,77,10,96.0,Sunbelt Distributors,US
SKU-100590,91,9,196.26,Outback Outfitters Ltd,GB
SKU-100591,90,6,279.78,Top Sports,DK
SKU-100592,129,9,216.79,Iberia Sportswear,ES
SKU-100593,81,4,39.73,Top Sports,DK
SKU-100594,120,2,118.38,Eclipse Inc,US
SKU-100595,44,7,67.74,Eclipse Inc,US
SKU-100596,55,0,109.29,Outback Outfitters Ltd,GB
SKU-100597,90,12,61.8,A Team Sports,US
SKU-100598,99,14,29.57,Pacific Rim Supply,SG
SKU-100599,94,9,192.05,Maple Leaf Outfitters,CA
SKU-100600,37,2,148.2,Eclipse Inc,US
SKU-100601,155,15,144.11,Royal Darts Ltd,GB
SKU-100602,204,2,19.45,AllSeasons Outdoor Clothing,US
SKU-100603,174,21,24.55,HighPoint Trading,US
SKU-100604,194,0,21.78,Nordic Gear Co,NO
SKU-100605,112,19,256.82,Outback Outfitters Ltd,GB
SKU-100606,37,7,248.48,Alpine Equipment GmbH,DE
SKU-100607,53,2,165.77,Maple Leaf Outfitters,CA
SKU-100608,95,17,168.55,Outback Outfitters Ltd,GB
SKU-100609,110,11,108.66,Sunbelt Distributors,US
SKU-100610,245,20,9.39,Pacific Rim Supply,SG
SKU-100611,222,37,99.28,HighPoint Trading,US
SKU-100612,76,5,36.8,Sunbelt Distributors,US
SKU-100613,67,7,63.48,Teamsports Inc,US
SKU-100614,165,11,109.86,Teamsports Inc,US
SKU-100615,101,12,213.33,Top Sports,DK
SKU-100616,124,1,231.44,Alpine Equipment GmbH,DE
SKU-100617,111,0,113.15,Eclipse Inc,US
SKU-100618,125,18,103.18,Royal Darts Ltd,GB
SKU-100619,65,13,151.63,Alpine Equipment GmbH,DE
SKU-100620,152,19,49.44,HighPoint Trading,US
SKU-100621,120,14,12.77,Alpine Equipment GmbH,DE
SKU-100622,71,13,172.55,AllSeasons Outdoor Clothing,US
SKU-100623,113,2,133.43,Alpine Equipment GmbH,DE
SKU-100624,121,21,33.3,Petterson AB,SE
SKU-100625,250,23,3.45,AllSeasons Outdoor Clothing,US
SKU-100626,62,8,166.1,Petterson AB,SE
SKU-100627,56,8,114.22,Outback Outfitters Ltd,GB
SKU-100628,160,15,161.27,Petterson AB,SE
SKU-100629,107,18,110.41,Royal Darts Ltd,GB
SKU-100630,191,36,136.97,Outback Outfitters Ltd,GB
SKU-100631,130,6,258.44,Outback Outfitters Ltd,GB
SKU-100632,80,3,56.35,AllSeasons Outdoor Clothing,US
SKU-100633,177,0,269.43,Petterson AB,SE
SKU-100634,146,5,39.49,Pacific Rim Supply,SG
SKU-100635,78,13,21.51,Top Sports,DK
SKU-100636,64,8,45.53,Nordic Gear Co,NO
SKU-100637,169,22,227.52,Eclipse Inc,US
SKU-100638,101,10,177.42,AllSeasons Outdoor Clothing,US
SKU-100639,143,6,41.34,Maple Leaf Outfitters,CA
SKU-100640,109,9,234.04,AllSeasons Outdoor Clothing,US
SKU-100641,115,17,180.64,Outback Outfitters Ltd,GB
SKU-100642,78,4,31.11,Top Sports,DK
SKU-100643,223,3,144.46,AllSeasons Outdoor Clothing,US
SKU-100644,53,9,250.02,Eclipse Inc,US
SKU-100645,141,3,111.23,Iberia Sportswear,ES
SKU-100646,46,4,10.97,Sunbelt Distributors,US
SKU-100647,40,7,261.16,Nordic Gear Co,NO
SKU-100648,99,9,237.52,Nordic Gear Co,NO
SKU-100649,32,6,4.16,Royal Darts Ltd,GB
SKU-100650,135,4,155.81,Maple Leaf Outfitters,CA
SKU-100651,52,10,163.7,Maple Leaf Outfitters,CA
SKU-100652,133,6,128.55,HighPoint Trading,US
SKU-100653,123,23,65.09,Royal Darts Ltd,GB
SKU-100654,162,31,129.31,Iberia Sportswear,ES
SKU-100655,48,2,160.21,AllSeasons Outdoor Clothing,US
SKU-100656,104,2,242.81,Outback Outfitters Ltd,GB
SKU-100657,137,20,93.76,Pacific Rim Supply,SG
SKU-100658,115,15,66.98,Maple Leaf Outfitters,CA
SKU-100659,104,8,148.78,Petterson AB,SE
SKU-100660,125,5,237.26,Nordic Gear Co,NO
SKU-100661,139,0,17.44,Nordic Gear Co,NO
SKU-100662,175,8,190.09,A Team Sports,US
SKU-100663,68,6,214.21,Eclipse Inc,US
SKU-100664,99,14,92.26,AllSeasons Outdoor Clothing,US
SKU-100665,83,12,83.37,Top Sports,DK
SKU-100666,165,13,18.86,Alpine Equipment GmbH,DE
SKU-100667,85,6,52.33,Outback Outfitters Ltd,GB
SKU-100668,33,1,99.57,Iberia Sportswear,ES
SKU-100669,182,5,210.24,A Team Sports,US
SKU-100670,119,16,121.01,Alpine Equipment GmbH,DE
SKU-100671,172,3,267.6,Maple Leaf Outfitters,CA
SKU-100672,82,11,227.05,Eclipse Inc,US
SKU-100673,90,16,236.44,Royal Darts Ltd,GB
SKU-100674,90,13,52.29,Teamsports Inc,US
SKU-100675,203,30,229.56,Pacific Rim Supply,SG
SKU-100676,41,3,119.72,Outback Outfitters Ltd,GB
SKU-100677,40,3,171.05,Teamsports Inc,US
SKU-100678,172,9,157.19,Outback Outfitters Ltd,GB
SKU-100679,104,10,12.69,Petterson AB,SE
SKU-100680,184,25,109.25,Outback Outfitters Ltd,GB
SKU-100681,111,6,147.31,Eclipse Inc,US
SKU-100682,130,13,48.97,Maple Leaf Outfitters,CA
SKU-100683,142,27,110.09,Top Sports,DK
SKU-100684,119,22,164.0,Iberia Sportswear,ES
SKU-100685,23,3,242.99,Royal Darts Ltd,GB
SKU-100686,101,2,107.35,HighPoint Trading,US
SKU-100687,45,8,242.57,Sunbelt Distributors,US
SKU-100688,75,13,97.77,AllSeasons Outdoor Clothing,US
SKU-100689,96,16,84.21,Royal Darts Ltd,GB
SKU-100690,60,3,235.76,Nordic Gear Co,NO
SKU-100691,305,22,144.68,Outback Outfitters Ltd,GB
SKU-100692,101,13,181.73,Teamsports Inc,US
SKU-100693,164,3,83.21,AllSeasons Outdoor Clothing,US
SKU-100694,74,4,250.22,Outback Outfitters Ltd,GB
SKU-100695,116,9,268.67,A Team Sports,US
SKU-100696,75,12,102.2,Outback Outfitters Ltd,GB
SKU-100697,118,8,194.14,AllSeasons Outdoor Clothing,US
SKU-100698,67,6,34.18,Maple Leaf Outfitters,CA
SKU-100699,59,6,113.7,A Team Sports,US
SKU-100700,29,2,141.45,AllSeasons Outdoor Clothing,US
SKU-100701,73,0,177.78,Pacific Rim Supply,SG
SKU-100702,144,20,234.38,Outback Outfitters Ltd,GB
SKU-100703,106,10,37.75,Petterson AB,SE
SKU-100704,156,17,266.31,A Team Sports,US
SKU-100705,105,21,183.48,Maple Leaf Outfitters,CA
SKU-100706,159,24,114.5,Top Sports,DK
SKU-100707,53,3,51.75,Pacific Rim Supply,SG
SKU-100708,180,30,201.26,Iberia Sportswear,ES
SKU-100709,69,3,220.87,Iberia Sportswear,ES
SKU-100710,153,21,224.86,Teamsports Inc,US
SKU-100711,235,24,172.97,A Team Sports,US
SKU-100712,100,8,67.02,Royal Darts Ltd,GB
SKU-100713,149,25,206.83,Eclipse Inc,US
SKU-100714,181,11,188.84,Nordic Gear Co,NO
SKU-100715,79,4,258.49,Teamsports Inc,US
SKU-100716,155,2,83.53,Nordic Gear Co,NO
SKU-100717,58,2,145.83,AllSeasons Outdoor Clothing,US
SKU-100718,154,19,139.41,Pacific Rim Supply,SG
SKU-100719,99,2,45.8,HighPoint Trading,US
SKU-100720,77,12,256.53,Alpine Equipment GmbH,DE
SKU-100721,140,7,254.25,A Team Sports,US
SKU-100722,128,19,55.78,Maple Leaf Outfitters,CA
SKU-100723,45,3,190.01,Sunbelt Distributors,US
SKU-100724,83,16,145.66,Petterson AB,SE
SKU-100725,59,7,121.3,Petterson AB,SE
SKU-100726,53,6,92.17,Pacific Rim Supply,SG
SKU-100727,103,6,112.73,Outback Outfitters Ltd,GB
SKU-100728,113,17,86.8,Pacific Rim Supply,SG
SKU-100729,267,28,274.62,Petterson AB,SE
SKU-100730,42,7,168.84,AllSeasons Outdoor Clothing,US
SKU-100731,119,23,199.76,Teamsports Inc,US
SKU-100732,239,38,228.49,Sunbelt Distributors,US
SKU-100733,174,12,177.19,Maple Leaf Outfitters,CA
SKU-100734,90,17,35.03,Petterson AB,SE
SKU-100735,168,20,139.5,Maple Leaf Outfitters,CA
SKU-100736,100,19,228.68,Sunbelt Distributors,US
SKU-100737,171,22,60.06,HighPoint Trading,US
SKU-100738,132,7,57.38,Teamsports Inc,US
SKU-100739,304,6,168.71,Eclipse Inc,US
SKU-100740,187,18,190.91,Alpine Equipment GmbH,DE
SKU-100741,88,1,37.4,Royal Darts Ltd,GB
SKU-100742,229,6,13.8,Alpine Equipment GmbH,DE
SKU-100743,64,8,268.0,Maple Leaf Outfitters,CA
SKU-100744,142,23,168.0,HighPoint Trading,US
SKU-100745,108,19,207.21,Alpine Equipment GmbH,DE
SKU-100746,116,8,156.92,Eclipse Inc,US
SKU-100747,161,8,109.29,Teamsports Inc,US
SKU-100748,105,20,158.01,Petterson AB,SE
SKU-100749,64,6,86.75,Maple Leaf Outfitters,CA
SKU-100750,102,11,183.03,Sunbelt Distributors,US
SKU-100751,126,11,206.53,Maple Leaf Outfitters,CA
SKU-100752,54,2,27.26,Teamsports Inc,US
SKU-100753,36,2,100.32,Outback Outfitters Ltd,GB
SKU-100754,68,7,58.75,AllSeasons Outdoor Clothing,US
SKU-100755,206,1,54.97,Sunbelt Distributors,US
SKU-100756,97,4,111.4,Top Sports,DK
SKU-100757,133,10,106.63,Teamsports Inc,US
SKU-100758,212,42,235.94,Iberia Sportswear,ES
SKU-100759,188,15,16.56,A Team Sports,US
SKU-100760,94,16,271.95,Petterson AB,SE
SKU-100761,161,20,37.4,Sunbelt Distributors,US
SKU-100762,149,9,157.71,Outback Outfitters Ltd,GB
SKU-100763,149,14,140.1,Eclipse Inc,US
SKU-100764,101,17,236.09,Top Sports,DK
SKU-100765,50,7,3.9,Outback Outfitters Ltd,GB
SKU-100766,116,9,255.8,Royal Darts Ltd,GB
SKU-100767,76,9,192.9,Pacific Rim Supply,SG
SKU-100768,129,16,71.5,Petterson AB,SE
SKU-100769,195,34,278.61,Royal Darts Ltd,GB
SKU-100770,177,17,193.55,Royal Darts Ltd,GB
SKU-100771,78,4,275.51,Iberia Sportswear,ES
SKU-100772,180,33,215.93,Outback Outfitters Ltd,GB
SKU-100773,182,5,72.75,Royal Darts Ltd,GB
SKU-100774,29,5,140.96,Maple Leaf Outfitters,CA
SKU-100775,103,1,150.63,A Team Sports,US
SKU-100776,38,3,241.39,Sunbelt Distributors,US
SKU-100777,130,14,207.02,Pacific Rim Supply,SG
SKU-100778,31,3,207.67,Royal Darts Ltd,GB
SKU-100779,234,14,139.97,Top Sports,DK
SKU-100780,75,6,11.07,Sunbelt Distributors,US
SKU-100781,62,7,105.93,Maple Leaf Outfitters,CA
SKU-100782,76,10,38.62,Maple Leaf Outfitters,CA
SKU-100783,60,2,239.03,Maple Leaf Outfitters,CA
SKU-100784,97,0,12.4,AllSeasons Outdoor Clothing,US
SKU-100785,116,3,236.35,Outback Outfitters Ltd,GB
SKU-100786,194,7,175.62,Alpine Equipment GmbH,DE
SKU-100787,187,23,262.75,Royal Darts Ltd,GB
SKU-100788,98,20,21.76,Outback Outfitters Ltd,GB
SKU-100789,236,29,47.29,Sunbelt Distributors,US
SKU-100790,175,30,229.88,Royal Darts Ltd,GB
SKU-100791,117,5,215.51,Top Sports,DK
SKU-100792,195,6,18.12,Petterson AB,SE
SKU-100793,80,12,253.07,Alpine Equipment GmbH,DE
SKU-100794,88,17,11.54,AllSeasons Outdoor Clothing,US
SKU-100795,86,8,231.78,Pacific Rim Supply,SG
SKU-100796,39,4,257.37,Maple Leaf Outfitters,CA
SKU-100797,97,1,122.95,Alpine Equipment GmbH,DE
SKU-100798,132,5,224.71,HighPoint Trading,US
SKU-100799,116,2,246.68,Nordic Gear Co,NO
SKU-100800,68,5,192.47,Iberia Sportswear,ES
SKU-100801,96,2,276.18,Maple Leaf Outfitters,CA
SKU-100802,217,34,17.99,Teamsports Inc,US
SKU-100803,213,8,224.22,AllSeasons Outdoor Clothing,US
SKU-100804,43,7,188.02,A Team Sports,US
SKU-100805,184,20,237.67,Royal Darts Ltd,GB
SKU-100806,100,6,242.29,Maple Leaf Outfitters,CA
SKU-100807,99,12,93.32,Outback Outfitters Ltd,GB
SKU-100808,206,8,226.06,A Team Sports,US
SKU-100809,89,14,108.35,HighPoint Trading,US
SKU-100810,88,17,267.74,Teamsports Inc,US
SKU-100811,172,6,155.64,Nordic Gear Co,NO
SKU-100812,22,0,162.36,Iberia Sportswear,ES
SKU-100813,193,8,202.16,Alpine Equipment GmbH,DE
SKU-100814,181,30,33.7,Teamsports Inc,US
SKU-100815,121,15,20.25,A Team Sports,US
SKU-100816,47,3,168.24,Nordic Gear Co,NO
SKU-100817,154,14,254.73,Maple Leaf Outfitters,CA
SKU-100818,105,4,156.91,Nordic Gear Co,NO
SKU-100819,128,6,134.11,Outback Outfitters Ltd,GB
SKU-100820,123,24,32.16,Petterson AB,SE
SKU-100821,138,27,3.58,Maple Leaf Outfitters,CA
SKU-100822,97,9,107.6,Royal Darts Ltd,GB
SKU-100823,80,9,156.51,Royal Darts Ltd,GB
SKU-100824,175,21,211.73,Iberia Sportswear,ES
SKU-100825,26,4,132.64,Pacific Rim Supply,SG
SKU-100826,210,31,241.14,Iberia Sportswear,ES
SKU-100827,60,1,19.3,Royal Darts Ltd,GB
SKU-100828,89,13,55.24,Maple Leaf Outfitters,CA
SKU-100829,140,10,239.37,AllSeasons Outdoor Clothing,US
SKU-100830,77,2,224.68,Outback Outfitters Ltd,GB
SKU-100831,214,38,276.22,Teamsports Inc,US
SKU-100832,96,9,99.02,Pacific Rim Supply,SG
SKU-100833,110,3,201.76,Outback Outfitters Ltd,GB
SKU-100834,70,1,275.61,HighPoint Trading,US
SKU-100835,37,4,68.11,Outback Outfitters Ltd,GB
SKU-100836,54,8,47.14,Alpine Equipment GmbH,DE
SKU-100837,52,4,170.0,Sunbelt Distributors,US
SKU-100838,86,7,228.28,Royal Darts Ltd,GB
SKU-100839,150,21,110.12,Sunbelt Distributors,US
SKU-100840,151,18,272.51,Pacific Rim Supply,SG
SKU-100841,186,16,217.49,Top Sports,DK
SKU-100842,98,8,40.84,Petterson AB,SE
SKU-100843,147,11,31.98,Top Sports,DK
SKU-100844,61,9,122.17,Maple Leaf Outfitters,CA
SKU-100845,121,1,231.5,AllSeasons Outdoor Clothing,US
SKU-100846,92,9,20.77,A Team Sports,US
SKU-100847,122,24,182.78,Royal Darts Ltd,GB
SKU-100848,144,28,151.31,AllSeasons Outdoor Clothing,US
SKU-100849,298,42,28.01,Top Sports,DK
SKU-100850,70,7,266.49,Teamsports Inc,US
SKU-100851,147,0,46.68,A Team Sports,US
SKU-100852,101,2,45.18,HighPoint Trading,US
SKU-100853,95,4,18.51,Eclipse Inc,US
SKU-100854,92,3,211.79,Top Sports,DK
SKU-100855,94,6,221.37,Outback Outfitters Ltd,GB
SKU-100856,40,0,255.43,Outback Outfitters Ltd,GB
SKU-100857,84,14,123.87,AllSeasons Outdoor Clothing,US
SKU-100858,151,7,64.0,Nordic Gear Co,NO
SKU-100859,105,1,264.99,A Team Sports,US
SKU-100860,51,3,88.37,AllSeasons Outdoor Clothing,US
SKU-100861,71,5,80.03,Sunbelt Distributors,US
SKU-100862,151,22,77.06,Alpine Equipment GmbH,DE
SKU-100863,47,0,215.69,Royal Darts Ltd,GB
SKU-100864,179,16,130.93,HighPoint Trading,US
SKU-100865,110,10,216.51,Sunbelt Distributors,US
SKU-100866,35,5,116.23,Outback Outfitters Ltd,GB
SKU-100867,127,15,23.93,Eclipse Inc,US
SKU-100868,58,3,49.49,Petterson AB,SE
SKU-100869,45,9,34.11,Alpine Equipment GmbH,DE
SKU-100870,167,20,220.01,Teamsports Inc,US
SKU-100871,98,20,248.89,Sunbelt Distributors,US
SKU-100872,63,12,109.11,Nordic Gear Co,NO
SKU-100873,88,14,110.08,Alpine Equipment GmbH,DE
SKU-100874,148,22,180.95,Petterson AB,SE
SKU-100875,32,4,85.47,Maple Leaf Outfitters,CA
SKU-100876,99,4,123.36,Sunbelt Distributors,US
SKU-100877,82,2,15.19,Royal Darts Ltd,GB
SKU-100878,127,24,38.6,Pacific Rim Supply,SG
SKU-100879,67,8,11.27,Teamsports Inc,US
SKU-100880,198,7,271.58,A Team Sports,US
SKU-100881,112,2,199.95,Outback Outfitters Ltd,GB
SKU-100882,191,15,134.35,Royal Darts Ltd,GB
SKU-100883,86,3,187.6,HighPoint Trading,US
SKU-100884,31,6,44.8,Pacific Rim Supply,SG
SKU-100885,77,4,70.1,Eclipse Inc,US
SKU-100886,51,5,127.9,A Team Sports,US
SKU-100887,63,6,124.49,AllSeasons Outdoor Clothing,US
SKU-100888,69,12,31.57,A Team Sports,US
SKU-100889,258,21,228.19,Pacific Rim Supply,SG
SKU-100890,106,18,36.54,A Team Sports,US
SKU-100891,102,11,218.92,Petterson AB,SE
SKU-100892,90,17,117.61,Pacific Rim Supply,SG
SKU-100893,49,9,222.65,Royal Darts Ltd,GB
SKU-100894,260,49,99.47,Pacific Rim Supply,SG
SKU-100895,225,19,252.91,Maple Leaf Outfitters,CA
SKU-100896,83,7,119.81,AllSeasons Outdoor Clothing,US
SKU-100897,138,4,81.65,Top Sports,DK
SKU-100898,57,4,123.59,Outback Outfitters Ltd,GB
SKU-100899,78,2,61.69,Nordic Gear Co,NO
SKU-100900,72,9,270.01,Nordic Gear Co,NO
SKU-100901,31,5,244.92,Pacific Rim Supply,SG
SKU-100902,147,4,264.15,Petterson AB,SE
SKU-100903,60,2,163.26,AllSeasons Outdoor Clothing,US
SKU-100904,141,8,266.35,Pacific Rim Supply,SG
SKU-100905,260,37,246.43,Pacific Rim Supply,SG
SKU-100906,119,8,26.74,A Team Sports,US
SKU-100907,53,9,9.01,HighPoint Trading,US
SKU-100908,66,4,84.1,Outback Outfitters Ltd,GB
SKU-100909,109,4,187.11,Petterson AB,SE
SKU-100910,49,8,79.11,Outback Outfitters Ltd,GB
SKU-100911,183,23,134.8,AllSeasons Outdoor Clothing,US
SKU-100912,111,19,12.54,A Team Sports,US
SKU-100913,71,1,178.92,Nordic Gear Co,NO
SKU-100914,128,11,233.8,Alpine Equipment GmbH,DE
SKU-100915,221,0,94.41,Sunbelt Distributors,US
SKU-100916,188,33,267.45,Top Sports,DK
SKU-100917,95,1,168.11,Sunbelt Distributors,US
SKU-100918,58,8,218.8,Petterson AB,SE
SKU-100919,72,9,277.01,Petterson AB,SE
SKU-100920,123,22,234.15,Eclipse Inc,US
SKU-100921,24,0,76.0,A Team Sports,US
SKU-100922,24,2,6.75,Royal Darts Ltd,GB
SKU-100923,61,11,69.55,Top Sports,DK
SKU-100924,105,2,153.2,Pacific Rim Supply,SG
SKU-100925,93,7,158.16,A Team Sports,US
SKU-100926,107,18,260.15,Maple Leaf Outfitters,CA
SKU-100927,115,5,129.95,Eclipse Inc,US
SKU-100928,202,26,277.5,Nordic Gear Co,NO
SKU-100929,118,4,164.2,HighPoint Trading,US
SKU-100930,73,4,51.35,Alpine Equipment GmbH,DE
SKU-100931,126,8,202.3,A Team Sports,US
SKU-100932,78,8,50.5,Sunbelt Distributors,US
SKU-100933,120,2,83.64,Petterson AB,SE
SKU-100934,106,19,15.27,Pacific Rim Supply,SG
SKU-100935,150,10,209.74,Eclipse Inc,US
SKU-100936,100,16,239.21,Eclipse Inc,US
SKU-100937,98,15,37.31,Maple Leaf Outfitters,CA
SKU-100938,115,17,122.78,A Team Sports,US
SKU-100939,91,10,131.49,Maple Leaf Outfitters,CA
SKU-100940,218,14,259.8,Eclipse Inc,US
SKU-100941,164,7,157.8,Maple Leaf Outfitters,CA
SKU-100942,190,2,179.02,Royal Darts Ltd,GB
SKU-100943,63,2,102.92,Teamsports Inc,US
SKU-100944,139,7,220.33,Outback Outfitters Ltd,GB
SKU-100945,156,13,194.96,Eclipse Inc,US
SKU-100946,243,21,70.91,Top Sports,DK
SKU-100947,169,6,176.22,Pacific Rim Supply,SG
SKU-100948,70,0,14.44,Petterson AB,SE
SKU-100949,102,4,203.77,A Team Sports,US
SKU-100950,96,1,100.46,Royal Darts Ltd,GB
SKU-100951,57,8,276.97,Eclipse Inc,US
SKU-100952,108,6,17.48,Royal Darts Ltd,GB
SKU-100953,141,14,261.7,Teamsports Inc,US
SKU-100954,101,17,91.61,Maple Leaf Outfitters,CA
SKU-100955,130,20,170.06,Outback Outfitters Ltd,GB
SKU-100956,108,5,83.76,Top Sports,DK
SKU-100957,126,8,239.37,HighPoint Trading,US
SKU-100958,69,2,261.34,HighPoint Trading,US
SKU-100959,177,19,256.31,Teamsports Inc,US
SKU-100960,107,11,225.33,Petterson AB,SE
SKU-100961,121,2,112.48,Outback Outfitters Ltd,GB
SKU-100962,123,8,127.78,Eclipse Inc,US
SKU-100963,171,29,87.24,Alpine Equipment GmbH,DE
SKU-100964,94,12,153.46,Outback Outfitters Ltd,GB
SKU-100965,145,15,44.2,Maple Leaf Outfitters,CA
SKU-100966,71,10,185.23,Alpine Equipment GmbH,DE
SKU-100967,100,15,10.29,Royal Darts Ltd,GB
SKU-100968,90,0,132.25,Sunbelt Distributors,US
SKU-100969,84,17,270.38,Nordic Gear Co,NO
SKU-100970,136,10,244.02,Eclipse Inc,US
SKU-100971,117,11,87.44,Iberia Sportswear,ES
SKU-100972,72,4,62.56,Sunbelt Distributors,US
SKU-100973,64,12,77.74,HighPoint Trading,US
SKU-100974,116,18,87.8,Royal Darts Ltd,GB
SKU-100975,109,7,70.72,Royal Darts Ltd,GB
SKU-100976,172,16,213.31,Teamsports Inc,US
SKU-100977,65,12,249.03,Teamsports Inc,US
SKU-100978,157,6,161.28,Alpine Equipment GmbH,DE
SKU-100979,76,3,191.44,Pacific Rim Supply,SG
SKU-100980,246,1,19.25,Outback Outfitters Ltd,GB
SKU-100981,187,0,157.59,Pacific Rim Supply,SG
SKU-100982,44,1,120.65,Eclipse Inc,US
SKU-100983,150,1,11.75,Pacific Rim Supply,SG
SKU-100984,309,15,191.5,Alpine Equipment GmbH,DE
SKU-100985,77,15,279.9,Sunbelt Distributors,US
SKU-100986,59,8,133.42,HighPoint Trading,US
SKU-100987,128,19,125.98,Teamsports Inc,US
SKU-100988,75,14,210.78,Sunbelt Distributors,US
SKU-100989,63,9,266.11,Sunbelt Distributors,US
SKU-100990,111,5,194.25,Teamsports Inc,US
SKU-100991,42,4,71.75,Royal Darts Ltd,GB
SKU-100992,142,16,47.12,Sunbelt Distributors,US
SKU-100993,149,17,193.18,Pacific Rim Supply,SG
SKU-100994,151,1,253.4,Nordic Gear Co,NO
SKU-100995,126,3,91.37,Eclipse Inc,US
SKU-100996,162,2,147.97,AllSeasons Outdoor Clothing,US
SKU-100997,82,10,106.24,Royal Darts Ltd,GB
SKU-100998,103,15,193.16,Petterson AB,SE
SKU-100999,140,9,135.8,HighPoint Trading,US
SKU-101000,239,14,69.3,Alpine Equipment GmbH,DE
SKU-101001,63,9,182.14,Pacific Rim Supply,SG
SKU-101002,97,10,209.15,Outback Outfitters Ltd,GB
SKU-101003,89,1,178.34,Top Sports,DK
SKU-101004,112,15,112.07,A Team Sports,US
SKU-101005,179,18,264.33,Nordic Gear Co,NO
SKU-101006,79,5,151.38,Iberia Sportswear,ES
SKU-101007,89,16,259.19,Iberia Sportswear,ES
SKU-101008,92,17,142.77,Teamsports Inc,US
SKU-101009,102,12,126.89,Teamsports Inc,US
SKU-101010,177,3,113.13,Sunbelt Distributors,US
SKU-101011,100,4,226.63,Petterson AB,SE
SKU-101012,67,6,29.32,Pacific Rim Supply,SG
SKU-101013,107,1,245.92,Top Sports,DK
SKU-101014,104,18,272.62,Iberia Sportswear,ES
SKU-101015,124,10,262.27,Royal Darts Ltd,GB
SKU-101016,102,2,182.08,Alpine Equipment GmbH,DE
SKU-101017,142,5,204.98,Alpine Equipment GmbH,DE
SKU-101018,131,15,147.73,Top Sports,DK
SKU-101019,47,4,34.81,Sunbelt Distributors,US
SKU-101020,151,27,152.88,Sunbelt Distributors,US
SKU-101021,95,11,278.78,Teamsports Inc,US
SKU-101022,51,0,15.12,HighPoint Trading,US
SKU-101023,131,22,21.77,Alpine Equipment GmbH,DE
SKU-101024,203,4,75.72,AllSeasons Outdoor Clothing,US
SKU-101025,116,17,47.8,Pacific Rim Supply,SG
SKU-101026,127,0,197.51,Royal Darts Ltd,GB
SKU-101027,39,5,95.32,AllSeasons Outdoor Clothing,US
SKU-101028,103,20,102.74,Teamsports Inc,US
SKU-101029,163,21,36.41,Pacific Rim Supply,SG
SKU-101030,157,30,59.92,Nordic Gear Co,NO
SKU-101031,198,17,259.62,Top Sports,DK
SKU-101032,119,3,219.98,Iberia Sportswear,ES
SKU-101033,278,5,180.23,Pacific Rim Supply,SG
SKU-101034,158,25,17.27,Top Sports,DK
SKU-101035,119,8,226.62,A Team Sports,US
SKU-101036,48,2,45.65,Maple Leaf Outfitters,CA
SKU-101037,90,9,279.29,A Team Sports,US
SKU-101038,115,13,154.02,Pacific Rim Supply,SG
SKU-101039,123,20,227.64,Top Sports,DK
SKU-101040,134,6,196.71,Teamsports Inc,US
SKU-101041,26,3,198.78,Pacific Rim Supply,SG
SKU-101042,195,19,187.41,Alpine Equipment GmbH,DE
SKU-101043,208,5,148.2,A Team Sports,US
SKU-101044,45,7,192.76,Top Sports,DK
SKU-101045,112,7,33.99,Top Sports,DK
SKU-101046,76,13,233.78,Petterson AB,SE
SKU-101047,42,8,80.13,Iberia Sportswear,ES
SKU-101048,189,37,25.81,Royal Darts Ltd,GB
SKU-101049,54,7,222.4,Royal Darts Ltd,GB
